monitoring_id,user_id,record_date,evaluation,status_change,next_action,approved_by,approved,interview_date,interview_method,attendees,information_sources,user_quotes,objective_facts,goal_evaluation,future_action,ai_draft,ai_draft_status,ai_reviewed_by,ai_reviewed_at
M001,U001,2026-06-10,歩行器を使用した居室内移動と排泄動作は概ね安定している。立ち上がり時のふらつきに引き続き注意する。,大きな変化なし,現行支援を継続する,サ責A,True,2026-06-10,訪問,本人,"本人,日次記録","今日は大丈夫,いつも通りです",歩行器を使用。立ち上がり時に軽度ふらつきあり。転倒なし。,概ね計画どおり。安全確認は継続が必要。,現行支援を継続する,,not_generated,,
M002,U002,2026-05-25,服薬管理と更衣介助を継続している。体調は概ね安定している。,大きな変化なし,計画書の更新要否を確認する,サ責A,True,2026-05-25,訪問,本人,"本人,日次記録",頭痛はないです,服薬忘れなし。更衣時に一部介助。血圧に大きな変化なし。,支援は概ね継続できているが、計画書の期限確認が必要。,計画書を更新し、現行支援の継続要否を確認する,,not_generated,,
M003,U003,2026-06-10,歩行状態に大きな変化はなく、現行の歩行支援を継続する。,大きな変化なし,現行支援を継続する,サ責B,True,2026-06-10,訪問,本人,"本人,日次記録","疲れやすいです,足が少しだるい",車椅子移動が複数回記録され、歩行訓練の実施有無が記録から確認できない。,計画目標に対する評価根拠が不足している可能性がある。,歩行状態、歩行訓練の実施状況、計画変更要否を確認する,,pending_generation,,
M004,U004,2026-06-10,食事摂取量と体調に大きな変化はない。,大きな変化なし,現行支援を継続する,サ責A,True,2026-06-10,訪問,本人,"本人,日次記録,看護職申し送り","食欲が出ない,少しだるい",直近4回の記録で食事量低下。6月8日の昼食は3割程度。水分摂取量低下。発熱なし。,目標である食事量維持と体調安定について、達成できているとは判断しにくい。,看護職へ共有し、食事量、水分量、倦怠感を継続確認。計画変更要否を検討する,"## 月間モニタリング文書（下書き）

**利用者ID：** U004
**対象期間：** 2026年6月1日 ～ 2026年6月30日
**参照した記録期間：** 2026年6月4日 ～ 2026年6月10日

### 1. 総合評価

参照した記録期間において、食事摂取量の低下が継続して確認された。
2026年6月4日は昼食の主食5割、副食4割、6月6日は朝食半量程度、6月8日は昼食3割程度の摂取であった。本人からも「あまり食べたくない」「食欲が出ない」「今日はあまり食べられない」との発言があった。

水分摂取については、6月4日は声かけによりコップ1杯の摂取が確認されたが、6月8日および6月10日は摂取量が少ない状態が記録されている。

また、6月6日に倦怠感がみられ、6月10日には本人から「少しだるい」との発言があった。6月10日時点では発熱は認められていない。食事量および水分摂取量の低下が継続しているため、看護職への共有が行われている。

### 2. ケアプラン目標に対する評価

ケアプランの目標は「食事摂取量を維持し、体調を安定させる」である。

参照した記録期間では、食事摂取量の低下が継続しており、目標を達成できているとは判断しにくい状況である。水分摂取量についても低下が記録されており、声かけおよび継続的な観察が必要である。

体調面では、倦怠感および本人からのだるさの訴えが確認されている。一方、6月10日時点では発熱は認められていない。

### 3. 状態変化と根拠

#### 食事摂取量の低下

* **2026年6月4日：** 昼食は主食5割、副食4割。本人より「あまり食べたくない」との発言あり。
* **2026年6月6日：** 朝食は半量程度。本人より「食欲が出ない」との発言あり。
* **2026年6月8日：** 昼食は3割程度。本人より「今日はあまり食べられない」との発言あり。
* **2026年6月10日：** 食事量低下が継続していると記録されている。

#### 水分摂取量の低下

* **2026年6月4日：** 声かけによりコップ1杯の摂取あり。
* **2026年6月8日：** 水分摂取量が少なく、複数回の声かけを実施。
* **2026年6月10日：** 水分摂取量の低下が継続していると記録されている。

#### 体調に関する変化

* **2026年6月6日：** 倦怠感がみられたため、看護職へ申し送りを実施。
* **2026年6月10日：** 本人より「少しだるい」との発言あり。発熱は認められていない。看護職へ再度共有している。

### 4. 今後の対応案

* 食事摂取量および水分摂取量の観察を継続する。
* 食事および水分摂取時の声かけを継続する。
* 倦怠感、だるさの訴え、発熱の有無など、体調の変化を継続して確認する。
* 看護職と情報共有を継続する。
* 食事量および水分摂取量の低下が継続しているため、ケアプラン見直しの要否を職員間で確認する。

### 5. 職員が確認すべき事項

* 看護職への申し送り後の確認結果および指示内容
* 食事摂取量の低下が継続している期間
* 水分摂取量の具体的な記録方法
* 6月10日以降の食事量、水分量および体調の変化
* ケアプラン見直しの要否
* 必要に応じた関係職種への情報共有状況

### 6. 情報不足の項目

以下の情報は、参照した記録からは確認できない。

* 2026年6月1日から6月3日までの記録
* 2026年6月11日から6月30日までの記録
* 水分摂取量の具体的な総量
* 普段の食事摂取量および水分摂取量との比較
* 体温の具体的な測定値
* 看護職への申し送り後の判断および対応内容
* ケアプラン見直しの実施有無
* 体重変化の有無
* 排泄状況など、体調確認に関する追加情報

※本書は月間モニタリング文書の下書きである。サービス提供責任者および関係職員が内容を確認し、必要に応じて修正・追記すること。",reviewed,サ責A,2026-06-10 17:00
M005,U005,2026-06-10,生活援助を継続している。,大きな変化なし,現行支援を継続する,,False,2026-06-10,訪問,本人,"本人,日次記録","部屋がきれいになって助かった,牛乳とパンを買いたい,体調は変わらない",床清掃、ごみ回収、買い物同行、体調確認を実施。体温36.4℃。発熱なし。,生活援助は概ね計画どおりだが、日次記録が簡潔すぎるため具体化が必要。,日次記録を具体化し、モニタリング承認者を入力する,,pending_generation,,
